AngleRoll,AnglePitch,Tempo
-42.497082,29.170383,13626
-42.247536,29.282665,13678
-42.484730,29.269716,13738
-42.402519,29.281330,13763
-42.264111,29.250904,13840
-42.300610,29.319761,13870
-42.219612,29.295818,13892
-42.306156,29.434664,13916
-42.328449,29.306564,13936
-42.460407,29.341530,13990
-42.384476,29.145802,14019
-42.355965,29.217735,14041
-42.314899,29.246189,14057
-42.315075,29.351875,14075
-42.296051,29.289471,14091
-42.380165,29.303753,14125
-42.367931,29.208040,14139
-42.503773,29.219481,14169
-42.446716,29.048973,14187
-42.257244,29.164282,14205
-42.258488,29.444300,14224
-42.056164,29.283012,14241
-42.123352,29.298494,14260
-42.544102,29.219353,14284
-42.439327,29.013296,14299
-42.445072,29.098095,14326
-42.186180,29.231783,14343
-42.388664,29.378428,14373
-42.308071,29.347549,14391
-42.286610,29.311123,14409
-42.445618,29.316530,14427
-42.368031,29.036015,14445
-42.277786,29.153860,14475
-42.169445,29.331394,14493
-42.386292,29.366804,14511
-42.141777,29.262186,14532
-42.121361,29.317459,14547
-42.307564,29.248856,14577
-42.452881,29.238718,14595
-42.307606,29.324078,14613
-42.287643,29.365162,14634
-42.229382,29.222294,14666
-42.441544,29.032482,14679
-42.573296,29.050810,14697
-42.497963,29.261904,14717
-42.103889,29.273506,14733
-42.021557,29.284744,14751
-42.180492,29.267296,14781
-42.441994,29.370745,14799
-42.504314,29.047739,14817
-42.573257,28.923811,14839
-42.477287,29.084017,14852
-42.219612,29.401754,14890
-42.088284,29.458134,14900
-42.189716,29.516155,14918
-42.055923,29.334898,14941
-42.281590,29.212624,14972
-42.501835,29.080494,14983
-42.665497,29.160751,15001
-42.415398,28.996305,15019
-42.381523,29.148403,15052
-42.164902,29.301052,15075
-42.322742,29.342087,15087
-42.216335,29.305382,15102
-42.167835,29.343294,15120
-42.238586,29.358322,15144
-42.262402,29.262907,15157
-42.406689,29.168192,15186
-42.577160,29.252762,15208
-42.394676,29.058554,15221
-42.406181,29.182062,15249
-42.240593,29.384130,15281
-42.046669,29.401306,15300
-42.241096,29.459145,15316
-42.197971,29.184214,15334
-42.391476,29.068039,15364
-42.593365,28.965324,15394
-42.410042,29.233849,15412
-42.164543,29.352867,15430
-42.031155,29.413910,15452
-42.167351,29.425667,15467
-42.607052,29.138723,15520
-42.477734,28.936504,15538
-42.366619,29.078377,15568
-42.319485,29.276449,15598
-42.119144,29.322147,15616
-42.180069,29.425037,15634
-42.115906,29.301182,15671
-42.473473,29.265556,15699
-42.509983,29.056137,15712
-42.498337,29.217079,15736
-42.384682,29.056908,15773
-42.219604,29.340580,15823
-42.089508,29.422726,15844
-42.233963,29.342188,15869
-42.133900,29.211042,15880
-42.454952,29.017820,15910
-42.681503,28.993334,15932
-42.440125,29.074778,15946
-42.193295,29.311357,15976
-42.110458,29.435804,15997
-42.223427,29.497877,16019
-42.030281,29.322018,16041
-42.326275,28.996647,16067
-42.643749,29.011528,16107
-42.395168,29.208836,16134
-42.255661,29.341064,16149
-42.099140,29.370369,16169
-42.139793,29.431833,16185
-42.392498,29.354717,16215
-42.394470,29.147491,16238
-42.378735,29.226175,16251
-42.420994,29.169857,16272
-42.359303,29.080950,16286
-42.319366,29.201277,16316
-42.238476,29.372484,16334
-42.322620,29.417307,16352
-42.203819,29.209389,16373
-42.355015,29.321465,16387
-42.299892,29.258522,16406
-42.419903,29.160368,16424
-42.599064,29.124975,16442
-42.475555,29.089327,16460
-42.142014,29.210287,16490
-42.202766,29.320194,16509
-42.220325,29.432222,16527
-42.088787,29.300261,16545
-42.273384,29.394119,16579
-42.457878,29.142076,16593
-42.396004,29.225245,16623
-42.303814,29.385422,16641
-42.046356,29.281210,16659
-42.220837,29.305222,16682
-42.291851,29.327349,16715
-42.428200,29.129210,16725
-42.555153,28.901592,16743
-42.433743,29.049980,16764
-42.143040,29.144491,16785
-42.258244,29.376127,16797
-42.303650,29.272404,16834
-42.403572,29.328199,16847
-42.368446,29.381891,16886
-42.427841,29.294077,16914
-42.319008,29.328205,16942
-42.276711,29.309336,16966
-42.236691,29.174707,19679
-42.463203,29.113564,19702
-42.203430,29.216362,19716
-42.084442,29.474920,19735
-41.980942,29.373997,19755
-42.193237,29.266523,19770
-42.353695,29.161465,19801
-42.576168,29.168232,19818
-42.435863,28.985937,19836
-42.381859,29.096529,19856
-42.336399,29.357780,19872
-42.346184,29.472376,19903
-42.136539,29.366074,19921
-42.167835,29.343294,19941
-42.299309,29.279919,19958
-42.323200,29.170197,19973
-42.416210,29.101572,20007
-42.452057,29.222334,20023
-42.212856,29.209263,20043
-42.185310,29.215359,20076
-42.142651,29.429352,20120
-42.251095,29.176403,23051
-41.461636,29.914528,23074
-43.578613,28.084522,23132
-43.352882,27.987293,23167
-43.252922,28.321163,23193
-42.024521,29.498856,23221
-39.760124,31.385181,23268
-42.254959,29.385712,23293
-43.508415,27.972397,23321
-60.941532,12.473199,23382
-46.324871,33.373859,23441
-35.722157,44.077736,23485
-35.995792,41.147991,23544
-49.725704,33.065117,23587
-45.617619,39.858459,23605
-45.758270,39.195728,23632
-48.480419,41.504757,26533
-31.362108,58.033470,26562
-19.379543,69.226791,26590
2.274523,76.975555,26620
-1.050058,75.189293,26666
-6.933915,79.039093,26695
-17.545229,70.434418,26730
-42.321053,41.594067,26762
-34.191319,44.833488,26781
-23.510664,53.398819,26799
-19.906551,59.878864,26819
-9.290277,65.878494,26849
-4.757536,66.533890,26863
-6.748034,64.347916,26885
-12.983231,59.017506,26903
-20.114346,51.939201,26923
-23.153137,52.973537,26952
-28.586458,55.566780,26974
-37.488083,42.126072,26993
-41.387142,39.520126,27018
-36.041142,46.501701,27040
-26.004002,37.926922,27070
-32.921936,31.359121,27100
-49.273506,23.097469,27142
-49.717529,22.936897,27168
-47.640724,25.628687,27178
-40.850395,32.856564,27195
-36.494347,37.965473,27213
-29.508215,40.433239,27231
-27.092573,43.497894,27250
-36.803566,36.218292,27267
-44.675446,28.076349,27289
-42.730724,28.226227,27321
-39.718884,32.983788,27346
-37.984650,35.799637,27376
-31.569365,40.729385,27393
-30.737843,40.838654,27411
-37.134243,35.959343,27432
-41.869637,31.066973,27448
-43.289623,30.120522,27467
-41.049229,30.428663,27483
-40.834320,31.112703,27505
-41.717873,30.088516,27519
-42.335835,31.214073,27542
-37.156612,35.607800,27563
-29.642023,41.652157,27584
-36.016369,36.792870,27602
-40.721096,32.398705,27620
-41.934456,32.165146,27639
-40.245785,31.131002,27657
-40.849602,31.305983,27687
-41.140587,31.493521,27705
-38.859467,33.184708,27722
-35.946030,36.513691,27740
-33.529400,37.356606,27758
-37.369171,35.061375,27788
-37.999668,34.872253,27806
-37.984234,34.717606,27824
-38.804066,33.590000,27842
-40.398590,33.337677,27860
-39.184975,33.805893,27890
-36.593945,35.048313,27908
-37.175945,34.771297,27926
-39.174370,33.408276,27944
-38.952820,33.344238,27962
-36.412262,35.552368,27992
-36.901405,35.644745,28010
-38.622478,34.362465,28028
-38.897949,34.017929,28046
-37.370308,35.582451,28065
-36.812721,35.524452,28093
-38.945450,33.704636,28111
-40.432972,32.374054,28129
-40.413769,32.484013,28147
-39.189480,32.817245,28165
-38.732101,33.660755,28183
-38.318306,34.063438,28205
-37.441109,36.220242,28219
-34.359474,37.626499,28237
-35.649155,36.026291,28255
-37.714760,35.380325,28273
-38.942974,33.821404,28302
-38.893654,33.175282,28320
-40.335854,31.978413,28338
-41.932697,30.777920,28361
-41.302761,31.412249,28374
-38.691257,33.825417,28392
-34.053982,38.380421,28409
-33.079197,38.810078,28432
-37.689301,35.810822,28453
-38.533730,34.973850,28475
-38.533836,33.591541,28513
-41.155025,31.008522,28555
-38.142193,33.914902,28576
-35.396610,36.971619,28606
-35.252407,36.965237,28624
-36.537479,36.022057,28646
-37.941406,34.800968,28678
-39.597702,33.189140,28698
-40.838867,31.856316,28714
-40.359013,32.546558,28727
-38.606064,33.294201,28745
-38.743782,33.655186,28775
-38.289700,34.588398,28798
-35.791584,36.615631,28811
-34.427666,37.225410,28828
-36.345795,35.967514,28846
-38.964691,34.054920,28870
-39.491066,33.114544,28882
-38.499092,33.651745,28913
-38.809349,33.737373,28930
-39.761635,32.911091,28949
-39.695145,33.012974,28971
-38.147179,34.286888,28984
-36.434166,35.540447,29004
-36.619629,35.965393,29021
-37.217224,35.439865,29039
-37.107403,35.332016,29057
-37.342506,35.634636,29080
-37.508598,34.889244,29094
-38.375347,33.974499,29112
-39.220501,32.910233,29129
-38.836197,33.155563,29147
-38.513412,33.535473,29168
-39.164810,33.512684,29195
-38.424198,39.784389,29213
-14.027673,48.293064,29232
-19.284021,38.753975,29249
-43.218735,21.809719,29273
-60.497845,13.396136,29289
-63.405518,10.232621,29304
-68.049004,-0.825371,29325
-66.884476,9.281471,29339
-56.229179,12.622802,29357
-45.086842,28.735283,29380
-25.249134,45.017830,29392
-28.757792,39.083302,29427
-21.563210,47.210091,29439
-30.617012,43.956459,29457
-36.873001,43.260586,29483
-28.678667,52.194748,29493
-11.131804,64.152412,29512
-12.922097,72.050537,29530
-19.686518,69.426811,29548
-29.559452,59.950584,29566
-30.179045,59.713463,29590
-28.260212,61.697987,29615
-12.800803,76.996223,29632
-9.371666,73.383919,29657
-7.387530,66.936279,29672
-22.587355,62.349472,29697
-0.751295,72.507278,29727
-2.290863,72.042328,29745
-15.505567,68.122528,29763
-30.426170,55.281490,29788
-31.390608,50.548431,29800
-30.786169,55.013275,29827
-20.308138,68.116089,29836
2.701026,75.091660,29855
8.642700,66.570129,29872
5.054985,67.121208,29890
0.325037,62.656567,29908
-19.304489,50.882259,29938
-22.152328,53.434608,29961
-7.948813,61.636986,29975
5.957176,68.873360,30003
14.285237,57.750019,30031
18.325657,52.461868,30052
22.819427,51.335884,30074
19.930187,48.114384,30087
16.959761,54.561863,30105
22.678236,56.057713,30129
32.232243,47.415730,30142
36.299381,42.292728,30159
31.934835,43.429043,30187
45.074081,32.600636,30207
52.016476,27.395113,30226
51.370750,25.074373,30244
58.435059,17.027475,30262
61.194775,-15.591326,30280
45.877647,-37.759571,30308
40.603466,-40.543766,30316
48.230644,-19.385948,30350
42.395012,-13.915992,30364
30.769592,-15.292699,30381
13.233733,-16.804117,30404
9.542622,-21.140688,30417
13.508958,-24.036177,30437
13.922493,-27.358423,30452
7.632497,-28.944256,30470
0.793283,-27.343061,30488
1.849057,-19.049271,30506
9.560060,-7.707551,30533
14.222059,-2.914051,30543
5.193122,-12.265286,30561
-10.018719,-26.563896,30579
-17.062502,-33.593884,30597
-14.131101,-34.776730,30615
-6.805103,-31.335249,30633
-3.840257,-25.126093,30652
-3.747546,-19.200495,30669
0.160484,-18.170277,30687
0.081266,-21.363441,30711
-0.478049,-28.110746,30724
6.326238,-32.574482,30753
9.912194,-29.814234,30771
8.835685,-27.075386,30789
6.006921,-24.990856,30812
1.846402,-25.657709,30825
-6.147341,-28.349874,30844
-10.598626,-30.090567,30863
-3.570987,-28.443289,30880
3.803313,-27.332100,30898
-0.234539,-34.228733,30916
-11.235584,-41.428112,30938
-22.452164,-40.145252,30964
-25.040983,-33.681171,30982
-22.322304,-28.778540,31000
-15.235969,-28.629999,31019
-12.230023,-32.446144,31046
-12.484305,-37.111614,31056
-13.215760,-38.907562,31073
-13.176199,-35.964439,31091
-13.129568,-32.159557,31115
-11.448266,-26.891142,31148
-3.880928,-28.163721,31158
2.346606,-27.553352,31175
8.280158,-28.200409,31199
11.426168,-26.811281,31216
12.299758,-21.892258,31230
12.288588,-12.460467,31256
13.483974,-4.462910,31266
16.747923,4.009583,31284
22.028309,9.884228,31305
28.274870,11.024291,31326
38.015697,10.270211,31353
38.425888,11.299947,31368
29.795334,14.611500,31390
18.274261,18.171648,31404
11.045671,33.910213,31426
14.533695,46.136139,31442
29.161728,44.916367,31469
34.609661,38.396019,31487
30.415640,37.603462,31505
19.325377,43.755524,31529
3.768035,55.955372,31542
1.116436,67.139633,31572
-0.207425,68.984840,31590
4.527634,70.625870,31611
8.337755,70.255203,31638
7.554697,74.185997,31664
-16.027691,68.885124,31692
-17.324709,70.368019,31706
-4.691141,82.892357,31722
3.734162,86.066261,31752
-12.181645,77.804153,31781
-33.760998,55.192684,31799
-25.431431,62.827866,31817
-10.299519,78.050674,31841
-4.009201,85.107056,31903
-42.207344,47.141399,31920
-45.120289,38.639172,31939
-24.380840,60.797733,31954
-2.763162,82.755943,31984
-0.126024,83.627838,32002
-7.342657,81.093163,32021
-21.464083,68.344704,32042
-36.271847,53.583199,32056
-28.366226,60.500767,32085
-11.088807,73.706215,32103
-2.183409,75.792450,32121
-3.605448,73.485466,32144
-8.119932,73.069832,32157
-11.883565,72.242813,32176
-16.748915,69.299309,32193
-21.821253,65.201050,32212
-25.211536,62.302742,32230
-22.135517,65.318924,32248
-14.235465,70.250664,32277
-6.484851,70.303566,32295
-8.836536,68.881599,32313
-12.510385,68.111893,32331
-17.276854,66.246773,32349
-20.837687,64.765251,32382
-21.735628,64.014633,32398
-24.935863,59.110855,32415
-25.058409,60.076523,32433
-16.238432,67.908379,32459
-9.561415,74.017662,32469
-14.692996,70.291183,32500
-27.296459,58.129128,32517
-36.447182,48.659863,32536
-36.848183,47.376057,32561
-26.488403,58.273655,32581
-13.436655,71.988373,32603
-11.790273,73.164787,32620
-14.326020,70.979279,32639
-19.382254,66.925652,32664
-28.681423,57.344196,32686
-25.724482,60.241512,32703
-18.527946,67.346199,32721
-14.050601,71.723709,32739
-14.432666,71.256348,32775
-22.709835,63.762436,32798
-27.067724,60.911884,32828
-21.154781,66.787407,32855
-28.678162,59.485699,32877
-14.485496,70.514671,32907
-23.922277,63.124844,32924
-31.926359,55.435329,32942
-29.693991,56.697807,32962
-29.485888,57.000031,32977
-29.626848,56.272583,33007
-30.503347,55.318516,33025
-23.468973,64.824837,33043
-28.465706,57.667522,33066
-40.253338,37.653515,33079
-46.784874,29.437653,33098
-42.243065,37.559109,33116
-40.753647,38.330956,33135
-42.361240,39.186932,33152
-41.849216,37.692974,33176
-45.901203,31.635448,33196
-41.630581,35.906979,33207
-40.524929,38.474308,33229
-41.998642,37.545052,33247
-41.227951,38.944180,33271
-43.674274,36.637459,33302
-41.401947,36.428230,33320
-43.277439,37.049011,33338
-40.795883,37.020447,33356
-41.877560,37.314602,33379
-43.076939,36.758678,33400
-41.674789,36.654362,33415
-41.437729,37.380127,33428
-42.042568,37.394436,33446
-41.708599,37.498489,33479
-42.193985,37.396557,33506
-41.010296,37.604855,33524
-42.698784,36.476746,33542
-42.429783,36.519241,33560
-42.069778,36.830544,33596
-41.277786,37.671894,33621
-42.072678,37.799755,33638
-41.151588,37.970165,33656
-40.913799,38.070133,33679
-42.381958,36.534519,33705
-42.409061,36.182301,33722
-42.867245,36.182163,33739
-42.367245,36.945194,33757
-41.575947,37.102047,33782
-41.364567,37.560432,33794
-41.597694,37.754841,33814
-41.190540,37.937714,33829
-41.118355,37.911247,33846
-42.063484,37.020721,33864
-42.280655,36.611881,33888
-42.793625,36.181316,33900
-42.515598,36.844479,33930
-42.030338,37.138069,33948
-41.354988,37.473186,33967
-41.510742,37.545830,33990
-41.897350,37.374329,34004
-41.347218,37.382507,34030
-41.987629,36.715443,34049
-42.958668,35.952087,34067
-42.778625,36.094006,34089
-42.417374,37.071117,34103
-41.667362,37.530167,34127
-41.136803,38.208668,34139
-41.574760,38.151073,34156
-41.670815,38.040440,34174
-41.382397,37.614017,34199
-42.554115,36.799263,34211
-42.212162,36.537777,34229
-42.400120,36.544300,34248
-42.504478,36.748379,34266
-42.100197,37.182419,34289
-41.628906,37.116989,34310
-42.101727,37.136604,34333
-41.857334,37.182869,34356
-41.571213,37.385437,34369
-41.881599,37.376850,34396
-42.399010,36.611748,34432
-42.593987,36.466976,34447
-42.548885,36.740372,34467
-41.779457,37.178146,34482
-41.943611,37.330879,34513
-41.627556,37.377144,34542
-42.313862,36.777718,34560
-42.220478,36.522705,34581
-42.528938,36.353867,34603
-42.391747,36.994049,34634
-41.708000,36.874836,34668
-42.051899,37.154163,34705
-41.582928,37.257908,34739
-41.795757,36.979935,34766
-42.146076,36.738724,34782
-42.079090,37.096634,34807
-41.359463,37.470634,34843
-41.780838,37.133286,34913
-41.891972,36.849045,34941
-42.068329,36.930344,34978
-42.112438,36.831059,35012
-42.031898,37.191437,35061
-42.038559,37.066181,35079
-41.973919,37.036499,35097
-42.102985,36.722931,35146
-41.824730,37.173775,35164
-42.158657,36.863010,35183
-42.068039,37.160835,35215
-41.946114,37.152985,35230
-42.254494,36.709747,35266
-42.012981,36.873428,35284
-42.419437,36.601673,35297
-41.864632,37.330563,35320
-42.265305,36.865845,35354
-41.967850,36.944096,35379
-42.368309,36.799244,35403
-42.170334,36.812931,35422
-42.287247,36.827457,35439
-42.275921,36.946327,35458
-42.090553,36.820309,35475
-42.009445,36.991219,35493
-42.501209,36.660839,35518
-41.965115,37.086689,35529
-42.213058,36.820854,35556
-42.234692,37.106590,35566
-42.004135,36.852226,35583
-41.897736,37.056404,35605
-42.073902,37.017284,38346
-42.745529,36.329884,38374
-42.071239,37.278702,38407
-42.193779,36.821823,38437
-42.520885,36.492172,38466
-41.982311,36.905605,38492
-42.086403,36.919529,38524
-42.038963,36.794930,38542
-41.938824,36.697163,38562
-42.613304,36.512539,38579
-42.926521,36.158535,38601
-42.812481,36.297413,38628
-42.076557,36.548153,38645
-41.355469,38.168297,38664
-38.417389,40.325176,38697
-37.924896,41.342869,38712
-41.293056,38.290531,38746
-42.497986,36.992645,38762
-43.471729,35.861187,38778
-42.767082,36.037651,38799
-42.126427,35.856342,38831
-41.151432,38.344185,38856
-38.917492,39.953583,38874
-39.046154,40.384277,38892
-39.479950,39.878494,38912
-40.113098,39.022999,38936
-42.486923,37.453568,38958
-42.343884,36.550816,38976
-42.470051,35.943108,39000
-42.936687,36.244717,39021
-40.785778,38.572575,39052
-39.960682,39.526894,39069
-39.062946,39.986877,39090
-39.608894,39.373028,39109
-41.110832,38.623905,39123
-41.164852,37.737652,39155
-42.367809,36.711903,39170
-43.416977,35.738087,39188
-42.731728,36.098457,39209
-41.761772,37.128071,39223
-41.058250,38.582726,39247
-39.800365,39.202110,39270
-40.222195,39.281357,39290
-40.075432,39.279621,39311
-40.074825,38.950611,39324
-42.532375,36.951115,39355
-42.274174,36.492088,39385
-42.412277,36.771526,39404
-41.728142,37.575253,39461
-39.961910,39.128441,39487
-40.050316,39.160080,39513
-41.186195,38.092953,39545
-42.270824,36.810135,39570
-41.969799,36.996357,39600
-41.895237,37.064964,39620
-41.574066,37.795044,39652
-40.675640,38.716686,39665
-40.009293,39.121342,39683
-40.093212,39.225292,39697
-41.867508,37.667767,39738
-41.564545,37.246765,39773
-41.896175,37.335068,39788
-42.255108,36.737328,39804
-42.015457,37.170807,39825
-40.769531,38.761539,39861
-40.524227,38.604656,39887
-40.779697,38.609055,39903
-41.269394,37.947662,39926
-41.309475,38.011749,39937
-41.749680,37.489674,39965
-42.108421,37.107246,39984
-41.946831,37.092194,40012
-41.444794,37.791809,40040
-40.549244,38.609425,40057
-40.759102,38.442654,40080
-40.906685,38.387573,40098
-40.525372,38.718342,40119
-41.417461,37.498528,40146
-42.001942,37.248497,40164
-42.251434,36.863800,40182
-41.788326,37.408501,40200
-41.434216,37.545483,40217
-41.062153,38.287727,40248
-40.680614,38.602325,40266
-40.434166,38.892651,40284
-40.646339,38.652878,40309
-40.926231,38.448322,40323
-41.360844,37.788097,40343
-41.936287,37.354847,40354
-41.919384,37.151985,40385
-41.835426,37.342331,40403
-41.551785,37.676613,40421
-41.090843,38.021835,40451
-40.283524,38.911327,40480
-40.428730,38.748554,40499
-41.150181,38.162502,40517
-41.560585,37.811787,40542
-41.685432,37.313648,40556
-41.802036,37.379368,40577
-42.230000,37.107620,40595
-41.464806,37.592518,40622
-41.196369,38.176186,40644
-40.374649,38.922085,40676
-40.861465,38.596340,40696
-40.985096,38.288872,40718
-41.402481,37.696560,40734
-42.127937,37.141029,40764
-42.051876,37.244900,40828
-41.009502,38.618946,40890
-41.016182,37.994659,40934
-42.176414,36.901524,40958
-41.932476,37.651806,40985
-41.093060,37.998325,41016
-40.596333,38.424141,41035
-40.287941,38.539707,41060
-40.891560,38.562962,41085
-41.419365,38.054199,41103
-41.921448,37.490417,41133
-41.882168,37.305630,41157
-41.440781,38.075615,41207
-40.491543,38.234215,41234
-40.902374,38.215660,41268
-41.870682,37.468105,41308
-41.663818,37.610580,41336
-41.465160,37.974842,41366
-40.957016,38.252541,41421
-41.183907,38.092014,41446
-41.143932,37.705185,41480
-41.688393,37.871880,41526
-40.995750,38.107670,41574
-41.314896,38.066196,41615
-41.151787,38.019993,41632
-41.305859,37.881046,41649
-41.586422,37.691929,41670
-41.497284,37.912403,41685
-41.365509,38.048634,41714
-41.286907,38.077869,41732
-41.069805,37.882153,41753
-41.336353,37.748867,41776
-41.345425,37.730618,41787
-41.411034,37.768028,41816
-41.698433,37.612606,41834
-41.704334,37.636723,41859
-41.195827,37.942425,41883
-41.129162,38.193577,41905
-40.912754,38.394955,41921
-40.959400,38.391666,41938
-41.460709,37.805790,41967
-41.340618,37.511158,41987
-41.700546,37.415363,42009
-41.673313,37.428017,42035
-41.343521,38.073948,42051
-41.277664,38.200417,42071
-40.773941,38.511433,42096
-41.262810,38.334129,42124
-41.138256,38.080936,42144
-41.414490,37.495281,42164
-41.899731,37.465618,42182
-42.032803,37.050869,42206
-41.557178,37.758625,42225
-41.038460,38.198330,42246
-40.724285,38.352917,42261
-40.897434,38.450329,42284
-40.744118,38.477261,42313
-41.125370,38.177757,42334
-42.193707,36.874592,42360
-41.683685,37.573547,42386
-41.601822,37.720566,42417
-40.889423,38.351223,42436
-40.857536,38.520576,42464
-40.799427,38.300831,42485
-41.467014,37.725861,42517
-41.862492,37.268169,42540
-42.139988,36.936481,42561
-41.830387,37.422329,42580
-41.047455,38.168907,42607
-40.807777,38.547623,42638
-40.569038,38.630051,42658
-40.825745,38.398834,42675
-41.322933,37.901096,42693
-41.784569,37.495098,42723
-41.924675,37.231606,42755
-41.281528,37.916191,42781
-41.011311,38.238632,42811
-40.668785,38.623943,42852
-41.247532,38.210983,42872
-41.940647,37.226669,42906
-41.747307,37.251305,42942
-41.599705,37.688652,42962
-40.970818,38.272953,42992
-40.959713,38.530605,43010
-40.865658,38.385620,43031
-41.209057,38.035751,43045
-41.486965,37.497604,43062
-41.980331,37.230247,43082
-41.944687,36.966557,43101
-41.660339,37.408344,43116
-41.487492,37.663799,43145
-41.277710,38.134178,43163
-40.930664,38.393539,43181
-40.634315,39.002785,43204
-40.752079,38.567299,43217
-41.271648,38.033504,43248
-41.323444,37.608639,43266
-41.566391,37.621666,43284
-41.962658,37.020100,43305
-41.628834,37.669594,43319
-41.435028,37.565189,43337
-41.046230,38.323658,43357
-41.033859,38.205738,43386
-41.009796,38.503365,43407
-41.170135,38.219139,43426
-41.310753,37.836079,43453
-41.475807,37.783768,43483
-41.710117,37.300812,43497
-41.286774,38.028126,43542
-41.070610,38.222218,43559
-41.078022,38.251842,43576
-41.323032,38.058064,43592
-41.287258,38.003769,43614
-41.300762,37.771770,43631
-41.578373,37.717693,43658
-41.710678,37.417969,43675
-41.429798,37.694851,43694
-41.332397,37.708759,43714
-41.271591,38.016953,43730
-41.473038,37.857075,43758
-41.416691,37.684708,43776
-41.300331,37.785248,43793
-41.361027,37.832535,43817
-41.543503,37.638348,43830
-41.283020,37.880955,43861
-41.019955,38.357071,43879
-41.129185,38.336735,43896
-41.116447,38.100037,43919
-41.166782,38.072208,43933
-41.344265,37.845501,43954
-41.494110,37.722443,43969
-41.449829,37.689198,43987
-41.513397,37.819374,44006
-41.343792,37.993958,44025
-41.270309,37.994598,44041
-41.025696,38.261730,44060
-40.976665,38.115421,44087
-41.183926,38.108616,44108
-41.316517,38.041626,44131
-41.417854,37.737373,44155
-41.778770,37.674648,44173
-41.643391,37.400776,44191
-41.372292,37.924614,44209
-41.200146,37.853168,44229
-40.950500,38.363907,44246
-41.138290,38.114193,44275
-41.304405,38.073418,44293
-41.349419,37.759071,44311
-41.535721,37.753433,44329
-41.872211,37.329006,44347
-41.805405,37.227474,44378
-41.369282,37.813225,44395
-41.285282,37.956066,44418
-40.847466,38.563931,44444
-41.211414,38.053303,44479
-41.362427,37.995224,44498
-41.790165,37.334095,44535
-41.720470,37.404190,44551
-41.262283,37.928432,44581
-41.206203,38.081890,44599
-41.007893,38.382595,44621
-41.339272,38.041824,44638
-40.894989,38.131199,44668
-41.517918,37.788059,44682
-41.833900,37.458839,44700
-41.768581,37.380779,44732
-41.159286,38.099800,44775
-41.121819,38.130501,44791
-41.171741,38.217384,44814
-40.939259,38.351780,44842
-41.735172,37.638565,44876
-41.595192,37.599556,44898
-41.615688,37.520699,44916
-41.202522,38.060150,44945
-41.003117,38.270721,44980
-41.125145,37.921944,44994
-41.165371,38.049862,45020
-41.215237,37.889046,45029
-41.607315,37.586765,45053
-41.708214,37.599125,45065
-41.564278,37.667080,45083
-41.436344,37.920444,45109
-41.193375,37.980495,45122
-41.252789,37.982540,45141
-41.218967,38.143360,45161
-40.996212,38.277264,45177
-41.204010,38.258167,45190
-41.360733,37.890236,45215
-41.796097,37.345467,45238
-41.618896,37.709534,45268
-41.378632,37.827858,45298
-41.238804,37.999569,45317
-41.166348,38.078365,45333
-41.050358,38.222717,45357
-41.294216,37.989853,45386
-41.329185,37.867554,45400
-41.641022,37.656921,45416
-41.576008,37.608173,45435
-41.408993,37.844612,45457
-41.310894,37.852623,45472
-41.204121,38.041637,45500
-40.993057,38.108273,45518
-41.121769,38.022915,45559
-41.342731,37.817661,45590
-41.377487,37.849590,45612
-41.294037,37.802402,45626
-41.557152,37.788456,45648
-41.094730,38.161491,45679
-41.235916,38.012352,45716
-41.212257,37.942928,45734
-41.349602,37.957653,45763
-41.295944,37.816730,45798
-41.661629,37.535442,45812
-41.570789,37.590286,45831
-41.177315,37.990833,45851
-41.238560,38.223103,45879
-41.241192,37.926193,45909
-41.454487,37.918766,45932
-41.432640,37.941120,45946
-41.047600,37.939915,45969
-41.540142,37.829151,45982
-41.419098,37.685482,46012
-41.410030,37.539249,46030
-41.430145,37.923779,46048
-41.031036,37.981415,46070
-41.241608,37.838131,46085
-41.387695,37.872463,46114
-41.065475,38.150742,46132
-41.346642,37.725189,46150
-41.649887,37.794888,46172
-41.490395,37.697556,46191
-41.385033,37.901718,46218
-41.404358,37.815170,46233
-41.377579,37.929298,46251
-41.491230,37.763649,46276
-41.336151,37.853512,46306
-41.297997,37.933220,46316
-41.612465,37.695572,46346
-41.458710,37.597900,46364
-41.556202,38.002186,46394
-40.811485,38.224842,46424
-41.230473,38.114895,46442
-41.394299,37.853115,46460
-41.486946,37.601143,46496
-41.349735,38.034615,46520
-41.486248,37.776611,46540
-41.566654,37.638096,46556
-41.102242,38.059708,46586
-41.298466,38.032654,46620
-41.121086,38.094353,46634
-41.186211,38.109558,46654
-41.300037,37.991623,46685
-41.210300,37.771366,46700
-41.507278,37.902260,46730
-41.373867,37.826210,46748
-41.424278,37.902218,46766
-41.438004,37.824493,46795
-41.093948,38.192055,46820
-41.252182,38.179790,46830
-41.107506,38.138607,46849
-40.942474,38.248192,46867
-41.532413,37.823700,46889
-41.482933,37.923779,46904
-41.283634,37.974663,46934
-41.469730,37.789482,46952
-41.293385,38.154591,46974
-41.244713,38.007164,46994
-41.417725,37.765427,47029
-41.345673,38.008511,47053
-41.513683,37.445850,47098
-41.257263,37.877007,47122
-41.385429,38.184227,47136
-41.182701,37.791348,47154
-41.286400,38.135151,47172
-41.504436,37.579784,47197
-41.352215,37.820961,47208
-41.298122,37.742828,47233
-41.430637,37.926723,47244
-41.481464,37.821392,47263
-41.276340,37.853683,47281
-41.343319,37.911339,47299
-41.052807,37.928040,47336
-41.185268,38.147423,47361
-41.195335,38.213898,47382
-41.252304,38.012756,47406
-41.571438,37.548496,47439
-41.297180,38.004383,47456
-41.525040,37.503971,47477
-41.290184,37.900093,47492
-41.077847,37.962482,47522
-41.511341,37.744347,47552
-41.539024,38.042583,47641
-41.387035,38.070156,47663
-41.159298,38.009003,47678
-41.218945,38.176559,47712
-41.452396,37.736313,47725
-41.459579,37.843952,47770
-41.433022,37.927578,47785
-41.508583,37.561562,47812
-41.331562,37.975861,47847
-41.104923,38.261501,47863
-41.435120,37.881466,47884
-41.351971,38.002415,47902
-41.348339,37.855389,47924
-41.209209,37.996655,47947
-41.364868,37.547169,47970
-41.491100,37.778206,47986
-41.522404,37.636177,48017
-41.067822,38.352161,48033
-41.726036,37.513130,48067
-41.691864,37.478104,48086
-41.458202,37.594692,48101
-41.285248,37.749172,48119
-41.501095,37.677044,48135
-41.256641,37.948284,48180
-41.196743,37.995102,48194
-41.300907,37.730175,48222
-41.476471,37.849728,48257
-41.301395,38.036442,48273
-41.355709,37.753410,48293
-41.393215,38.047447,48323
-41.412262,37.834976,48342
-41.194473,37.936520,48367
-41.044254,38.422398,48385
-41.104477,38.043983,48403
-41.426151,37.897579,48427
-41.629757,37.524025,48439
-41.522419,37.756729,48466
-41.447102,37.539104,48487
-41.581985,37.816902,48545
-41.212021,38.074295,48575
-41.259380,37.698730,48593
-41.548988,37.873501,48619
-41.575039,37.497322,48637
-41.527287,37.835510,48661
-41.593716,37.410797,48672
-41.149490,38.109818,48690
-40.957783,38.147491,48712
-41.179928,38.558346,48735
-41.502426,37.746120,48768
-41.409500,37.654030,48796
-41.282314,38.142418,48837
-41.531647,37.787788,48871
-41.595699,37.589554,48887
-41.309757,37.565403,48909
-41.331738,37.912579,48926
-41.285038,38.030102,48956
-41.155773,37.751019,48983
-41.512173,37.780357,49005
-41.351562,37.696846,49027
-41.519337,37.736408,49074
-41.265121,37.835964,49096
-41.110203,38.249557,49114
-41.186878,38.112377,49128
-41.226799,37.951149,49156
-41.389259,37.837219,49186
-41.443249,37.661777,49209
-41.526894,37.695618,49222
-41.673565,37.493008,49247
-41.278805,37.749859,49278
-41.363148,38.047726,49287
-41.123253,38.136127,49305
-41.278831,38.112965,49325
-41.136696,38.182613,49348
-41.069977,38.136005,49421
-37.878963,40.816742,49449
-49.914078,27.475475,49466
-39.202984,37.224670,49496
-31.359316,42.352997,49514
-25.781275,54.684284,49532
-11.845037,68.042152,49566
-40.083664,45.150272,49598
-45.940506,42.559792,49614
-31.115570,54.725651,49632
-31.521378,58.466331,49655
-17.688431,71.374374,49686
-9.825450,75.629837,49710
-19.411886,69.901390,49735
-31.304001,57.890594,49759
-27.736862,51.315208,49785
-21.406872,52.104488,49801
-16.833580,66.354889,49819
-5.451467,72.220284,49840
-2.492294,73.613113,49859
-4.337956,72.617165,49875
-9.949615,72.812416,49898
-15.148663,71.482719,49910
-13.564094,69.561119,49929
-8.623294,65.276154,49963
-2.119725,60.901463,49976
8.338589,59.316673,50006
9.290040,54.274422,50028
2.376410,54.130787,50054
6.837274,45.480671,50096
14.387373,33.673096,50118
21.446301,35.066380,50132
28.299459,31.477839,50150
29.213507,21.931351,50180
23.223503,21.402960,50200
19.718668,27.490381,50216
22.467157,30.832306,50237
25.841671,21.923317,50251
25.294527,12.478512,50271
36.218647,8.333461,50304
44.690449,-6.498376,50315
38.992641,-25.659952,50333
31.401722,-41.402382,50353
31.474180,-46.243706,50374
36.047836,-45.147228,50390
35.438835,-45.619061,50415
31.454151,-51.583096,50433
20.916491,-60.734795,50476
27.040827,-51.509476,50513
32.975246,-38.080982,50537
25.742117,-50.307400,50553
21.217789,-61.073788,50583
27.102270,-60.025467,50610
32.979282,-53.092285,50619
39.674637,-42.984371,50637
49.978378,-32.197701,50655
49.824795,-28.326612,50678
41.375942,-29.144596,50691
31.704752,-28.822506,50713
27.586939,-22.774872,50727
26.973097,-13.710374,50745
26.122547,-3.650110,50763
24.588579,6.643802,50786
23.643620,14.800719,50799
14.071723,28.146790,50829
12.649282,32.093887,50847
13.831038,33.343937,50865
16.786217,30.055403,50895
17.201906,31.476978,50919
13.116213,36.383503,50930
8.741091,45.367573,50948
4.683025,52.514717,50966
-2.455672,58.531597,50986
-4.916106,62.215298,51001
-5.676148,67.281242,51028
-2.096169,73.131767,51048
-4.980167,73.745277,51066
-8.354609,73.060097,51086
-12.848026,71.079720,51107
-14.513745,71.302155,51132
-10.413362,75.313980,51149
-11.055443,74.687843,51167
-15.455878,69.415009,51189
-24.085316,60.018951,51203
-31.514458,52.837986,51222
-31.285624,55.413162,51239
-26.644411,60.280640,51257
-23.325830,62.024952,51275
-22.931156,62.555641,51293
-25.168974,60.942760,51312
-26.610001,58.793545,51342
-31.204887,55.101715,51360
-32.475517,53.406849,51378
-31.814943,54.733070,51396
-31.117893,55.719410,51430
-27.017241,60.028473,51445
-32.138363,55.487297,51463
-30.808641,57.091728,51481
-29.178192,59.637352,51511
-24.878063,63.341278,51541
-26.821806,61.570251,51559
-30.347868,58.667767,51581
-35.018990,53.978703,51601
-37.159718,51.661110,51631
-36.181515,52.387474,51642
-33.761059,54.906075,51660
-28.709980,60.572987,51678
-25.855236,61.728886,51704
-26.824825,61.950718,51730
-36.395813,53.101383,51744
-52.921135,36.620811,51762
-33.455574,55.859066,51780
-14.422458,75.428337,51807
-39.001122,48.892826,51832
-48.114174,37.508011,51847
-50.220737,32.317333,51868
-42.288044,39.725792,51885
-42.188766,41.548882,51945
-27.462049,44.628216,51970
-36.439278,40.331226,51987
-50.723598,33.313755,52010
-46.470997,34.604485,52048
-38.430523,43.338375,52076
-46.377796,36.602028,52095
-32.966045,43.221367,52124
-43.411243,35.142994,52177
-41.634449,35.772568,52195
-42.252048,36.409843,52215
-40.629772,39.501461,52249
-38.507610,42.665291,52275
-41.322868,38.661133,52303
-42.241463,36.894211,52323
-41.646397,37.777805,52350
-40.319885,39.828270,52367
-40.460762,40.242050,52386
-40.720711,39.298687,52404
-41.052891,38.776253,52421
-41.046513,39.001389,52442
-40.657352,39.762558,52467
-40.582336,39.723850,52488
-40.817921,39.287666,52504
-41.006645,39.001728,52524
-40.916702,39.164001,52539
-40.738987,39.389824,52571
-40.782055,39.395241,52587
-40.522530,39.666790,52605
-40.551319,39.729424,52627
-40.814625,39.189144,52656
-40.912735,39.234875,52695
-40.770111,39.329716,52711
-41.233513,38.913559,52729
-40.872868,39.285000,52757
-40.488674,39.759212,52777
-40.546810,39.671913,52796
-40.860470,39.309929,52814
-40.713600,39.325966,52831
-40.723751,39.356747,52856
-40.951756,39.128143,52879
-40.917763,39.184944,52899
-40.838844,39.287167,52915
-40.688309,39.646641,52936
-40.662209,39.656994,52964
-40.548115,39.564587,52982
-40.684219,39.337605,52997
-40.823444,39.330040,53015
-40.720490,39.389252,53037
-40.918278,39.168060,53066
-40.939861,39.136307,53080
-40.728416,39.397305,53099
-40.612438,39.571976,53116
-40.541397,39.702888,53139
-40.746571,39.506863,53171
-40.832550,39.337582,53192
-40.711777,39.400452,53211
-40.896065,39.057301,53228
-41.046082,39.127743,53257
-40.434750,39.689667,53288
-40.678902,39.603325,53305
-40.746529,39.433620,53336
-40.630764,39.501160,53376
-40.765392,39.289162,53397
-40.811859,39.423618,53422
-40.645321,39.444199,53445
-40.629093,39.516388,53477
-40.566830,39.726639,53505
-40.605118,39.603386,53531
-40.869846,39.336285,53564
-40.745743,39.289070,53599
-40.786251,39.331291,53623
-40.763828,39.507626,53650
-40.616653,39.668804,53688
-40.749935,39.453506,53725
-40.726578,39.393574,53757
-40.766361,39.452557,53801
-40.675274,39.543922,53834
-40.507961,39.742565,53860
-40.743847,39.449131,53902
-40.841488,39.399666,53926
-40.707474,39.630032,53958
-40.634762,39.449486,53990
-40.645679,39.460831,54021
-40.480659,39.606483,54041
-40.761379,39.521038,54065
-40.740501,39.481598,54111
-40.731041,39.488785,54138
-40.749557,39.382343,54167
-40.562607,39.560123,54207
-40.817020,39.340332,54232
-40.827110,39.475327,54263
-40.663525,39.478382,54281
-40.622318,39.654747,54309
-40.478561,39.713955,54326
-40.692162,39.651516,54341
-40.640087,39.599010,54365
-40.531593,39.637066,54396
-40.701942,39.443321,54419
-40.733292,39.509048,54440
-40.639008,39.672302,54456
-40.576889,39.538872,54501
-40.707439,39.485649,54515
-40.679062,39.475643,54534
-40.661179,39.657116,54562
-40.787308,39.691956,54602
-40.786816,39.359959,54621
-40.456543,39.331669,54643
-40.615273,39.267891,54659
-40.468861,39.649937,54676
-40.897102,39.292210,54699
-40.570934,39.748474,54713
-40.716835,39.457561,54733
-40.615837,39.775768,54750
-40.694298,39.529442,54764
-40.805813,39.653278,54783
-40.745071,39.593262,54806
-40.510571,39.653915,54818
-40.675655,39.346485,54836
-40.562550,39.235626,54853
-40.554039,39.461880,54876
-40.836731,39.413727,54893
-40.840881,39.383179,54919
-40.589340,39.658749,54941
-40.729885,39.562298,54954
-40.557590,39.756069,54974
-40.761456,39.592155,54990
-40.558712,39.774685,55020
-40.616524,39.415272,55037
-40.556755,39.683178,55083
-40.811760,39.607246,55100
-40.873142,39.377182,55126
-40.625999,39.567711,55144
-40.558311,39.664280,55162
-40.546204,39.780640,55185
-40.589039,39.512028,55202
-40.655956,39.487038,55234
-40.796932,39.535103,55246
-40.629478,39.608425,55264
-40.664742,39.622772,55287
-40.774773,39.569141,55317
-40.661446,39.674034,55333
-40.572258,39.622353,55347
-40.494144,39.745285,55365
-40.799011,39.410873,55388
-40.641670,39.510380,55404
-40.640812,39.581982,55430
-40.686443,39.571930,55448
-40.587383,39.657211,55466
-40.529949,39.817608,55486
-40.605518,39.712013,55506
-40.579456,39.722332,55536
-40.393044,39.610344,55550
-40.657894,39.381264,55582
-40.630081,39.518162,55604
-40.823380,39.470272,55626
-40.796944,39.482716,55647
-40.567478,39.692600,55671
-40.553391,39.659515,55683
-40.600151,39.596733,55703
-40.642307,39.619278,55727
-40.655281,39.504070,55749
-40.741928,39.393124,55770
-40.716129,39.367535,55784
-40.695736,39.545895,55805
-40.709244,39.541626,55833
-40.704559,39.626820,55849
-40.374466,39.863922,55866
-40.612572,39.519402,55888
-40.643944,39.530666,55909
-40.700710,39.422657,55933
-40.706955,39.393421,55951
-40.823742,39.565853,55974
-40.571880,39.659973,55991
-40.470440,39.794590,56009
-40.591297,39.588932,56035
-40.808861,39.346855,56057
-40.593388,39.428730,56073
-40.616524,39.522392,56091
-40.661503,39.602695,56112
-40.634106,39.466503,56141
-40.602631,39.507809,56154
-40.565479,39.617916,56174
-40.543518,39.813198,56191
-40.658695,39.689533,56210
-40.781628,39.504242,56242
-40.498360,39.678593,56258
-40.464684,39.628109,56275
-40.899292,39.238998,56292
-40.708370,39.487442,56313
-40.597969,39.649689,56342
-40.515102,39.711479,56360
-40.647480,39.732826,56375
-40.509880,39.744148,56392
-40.503063,39.737801,56414
-40.715969,39.529110,56430
-40.664661,39.624622,56459
-40.618385,39.649857,56474
-40.622753,39.545685,56493
-40.512806,39.674194,56511
-40.594009,39.644794,56532
-40.470985,39.758781,56558
-40.587025,39.709919,56578
-40.578667,39.593002,56594
-40.581711,39.669487,56617
-40.666206,39.588711,56633
-40.690033,39.484818,56659
-40.465767,39.718212,56677
-40.508953,39.671085,56695
-40.653568,39.521389,56715
-40.609566,39.514072,56736
-40.444500,39.767487,56761
-40.612713,39.590736,56779
-40.471466,39.705914,56797
-40.718853,39.511536,56817
-40.735546,39.621201,56833
-40.552334,39.586391,56857
-40.622093,39.636028,56869
-40.607216,39.786469,56887
-40.462746,39.697990,56905
-40.749233,39.543770,56928
-40.607536,39.638660,56941
-40.636612,39.558224,56970
-40.646904,39.533924,56989
-40.725895,39.486156,57009
-40.552349,39.657845,57029
-40.625042,39.639248,57042
-40.608440,39.713509,57075
-40.390854,39.699276,57088
-40.430229,39.611496,57107
-40.712868,39.400036,57126
-40.449909,39.613766,57142
-40.593254,39.661842,57176
-40.536690,39.643665,57189
-40.724728,39.465584,57207
-40.366390,39.873230,57227
-40.611012,39.607960,57249
-40.671410,39.434013,57278
-40.441387,39.840466,57291
-40.586502,39.747299,57309
-40.752636,39.511295,57329
-40.558575,39.555115,57345
-40.521576,39.682091,57368
-40.534279,39.750919,57381
-40.486362,39.665714,57399
-40.625271,39.657955,57417
-40.586433,39.586098,57447
-40.594742,39.558392,57477
-40.696430,39.528900,57499
-40.608025,39.602833,57517
-40.522915,39.702446,57539
-40.667442,39.483456,57558
-40.438999,39.636314,57600
-40.574696,39.734585,57618
-40.395390,39.685329,57643
-40.611465,39.572197,57660
-40.564232,39.542839,57688
-40.682217,39.550163,57706
-40.605328,39.494366,57733
-40.594757,39.627750,57751
-40.611732,39.662281,57777
-40.593956,39.642975,57798
-40.508186,39.688137,57823
-40.603844,39.582943,57848
-40.630470,39.608242,57886
-40.636375,39.614693,57908
-40.530537,39.691719,57934
-40.476067,39.691971,57952
-40.540283,39.774311,57980
-40.530575,39.620319,58002
-40.607903,39.531391,58029
-40.309345,39.872993,58054
-40.460510,39.677715,58085
-40.553055,39.569359,58110
-40.418510,39.816723,58129
-40.691536,39.666752,58142
-40.562042,39.650448,58164
-40.677509,39.564171,58251
-40.539310,39.699615,58273
-40.555672,39.623405,58302
-40.542545,39.721512,58320
-40.646698,39.659790,58346
-40.529137,39.727512,58368
-40.599365,39.487808,58387
-40.559216,39.592690,58412
-40.691383,39.576675,58432
-40.633881,39.577652,58448
-40.568165,39.602413,58468
-40.391029,39.789600,58495
-40.540054,39.755665,58515
-40.647728,39.588249,58539
-40.635098,39.667450,58550
-40.713726,39.508862,58574
-40.670479,39.484608,58614
-40.617847,39.687370,58628
-40.468143,39.683968,58647
-40.547447,39.726276,58668
-40.540462,39.718266,58700
-40.572594,39.462482,58722
-40.765034,39.486496,58743
-40.550560,39.601727,58761
-40.543068,39.685753,58779
-40.599682,39.632507,58800
-40.566406,39.617744,58818
-40.544621,39.724747,58833
-40.460331,39.839485,58851
-40.753319,39.494324,58902
-40.702454,39.533379,58921
-40.509071,39.616570,58943
-40.592434,39.481556,58957
-40.717285,39.547607,58975
-40.588547,39.602539,59006
-40.488689,39.776314,59023
-40.584030,39.561935,59041
-40.680916,39.531666,59059
-40.603348,39.616837,59083
-40.708523,39.485332,59108
-40.642403,39.709396,59126
-40.433826,39.761105,59144
-40.489037,39.650188,59164
-40.407520,39.643677,59192
-40.406685,39.732342,59224
-40.598415,39.612072,59240
-40.612942,39.682625,59259
-40.460369,39.749226,59286
-40.712517,39.435833,59314
-40.701374,39.533646,59325
-40.580162,39.703598,59342
-40.673374,39.540413,59361
-40.599625,39.561165,59382
-40.532898,39.713673,59418
-40.786179,39.471470,59437
-40.577648,39.591278,59460
-40.648247,39.623867,59473
-40.681206,39.621670,59491
-40.500393,39.625610,59516
-40.713886,39.454281,59526
-40.530098,39.744514,59544
-40.558575,39.555115,59562
-40.640812,39.581982,59582
-40.494205,39.656769,59618
-40.578846,39.540371,59639
-40.546677,39.598667,59662
-40.657600,39.597755,59678
-40.624298,39.584946,59693
-40.500778,39.589775,59722
-40.489479,39.742134,59741
-40.682693,39.767601,59765
-40.540283,39.774311,59780
-40.536118,39.551544,59795
-40.550880,39.456406,59824
-40.435925,39.653797,59842
-40.479248,39.657581,59860
-40.615509,39.518566,59878
-40.560581,39.449280,59897
-40.648014,39.605106,59926
-40.777660,39.844765,59946
-40.712574,39.761902,59962
-40.474991,39.618759,59984
-40.295231,39.766808,60000
-40.589687,39.549656,60025
-40.802406,39.323742,60047
-40.710281,39.468002,60067
-40.632645,39.555206,60083
-40.607239,39.550419,60102
-40.524380,39.683556,60130
-40.540352,39.791401,60149
-40.595768,39.809559,60168
-40.429379,39.737640,60187
-40.552322,39.477089,60208
-40.741867,39.283779,60234
-40.781658,39.431000,60253
-40.507118,39.686485,60270
-40.680473,39.439476,60287
-40.604496,39.708691,60306
-40.494915,39.801327,60323
-40.627251,39.588184,60352
-40.669632,39.556183,60371
-40.678371,39.440224,60390
-40.685780,39.408386,60410
-40.745491,39.379478,60431
-40.767647,39.544209,60457
-40.608582,39.643978,60475
-40.551777,39.766769,60494
-40.745960,39.594971,60512
-40.422215,39.729618,60545
-40.621185,39.453674,60560
-40.607166,39.386459,60577
-40.531864,39.584343,60612
-40.646866,39.535942,60627
-40.623302,39.656414,60658
-40.432034,39.739201,60676
-40.497936,39.731384,60704
-40.621540,39.761875,60725
-40.777710,39.352360,60750
-40.789539,39.439007,60769
-40.556366,39.662735,60792
-40.752899,39.601208,60811
